{"cameraMode":{"drawMode":0,"name":"Shaded","section":"Shading Mode"},"sceneLighting":false,"audioPlay":false,"sceneViewState":{"m_AlwaysRefresh":false,"showFog":true,"showSkybox":false,"showFlares":true,"showImageEffects":true,"showParticleSystems":true,"showVisualEffectGraphs":true,"m_FxEnabled":true},"in2DMode":false,"pivot":{"x":0.1285519003868103,"y":-0.15696048736572267,"z":0.4865260124206543},"rotation":{"x":0.5820585489273071,"y":0.004880913533270359,"z":-0.0034791254438459875,"w":0.8130587935447693},"size":7.077969074249268,"orthographic":false}