{"cameraMode":{"drawMode":0,"name":"Shaded","section":"Shading Mode"},"sceneLighting":false,"audioPlay":false,"sceneViewState":{"m_AlwaysRefresh":false,"showFog":true,"showSkybox":false,"showFlares":true,"showImageEffects":true,"showParticleSystems":true,"showVisualEffectGraphs":true,"m_FxEnabled":true},"in2DMode":false,"pivot":{"x":-0.48613202571868899,"y":15.372346878051758,"z":3.3935909271240236},"rotation":{"x":0.17339085042476655,"y":-0.01772574707865715,"z":0.0031411952804774048,"w":0.9846381545066834},"size":17.92181396484375,"orthographic":false}